{
  "metadata": {
    "formatVersion": 3.1,
    "generatedBy": "Cinema 4D Exporter 0.0.3"
  },
  "vertices": [
    -16.041501,
    -7.108044,
    13.668976,
    -16.041501,
    126.533191,
    13.668976,
    16.041501,
    -7.108044,
    13.668976,
    16.041501,
    126.533191,
    13.668976,
    16.041501,
    -7.108044,
    -17.355316,
    16.041501,
    126.533191,
    -17.355316,
    -16.041501,
    -7.108044,
    -17.355316,
    -16.041501,
    126.533191,
    -17.355316,
    12.135255,
    193.134742,
    -9.508616,
    12.135255,
    193.134742,
    8.124941,
    64.515816,
    133.93938,
    18.206003,
    15.0,
    193.134742,
    -0.691837,
    37.287661,
    123.418038,
    -58.557633,
    -4.635255,
    193.134742,
    -14.957685,
    5.607847,
    133.936134,
    67.307892,
    4.635255,
    193.134742,
    -14.957685,
    12.135255,
    -6.865258,
    8.124941,
    -43.591763,
    134.134107,
    52.274537,
    -4.635255,
    -6.865258,
    13.57401,
    -74.498444,
    97.083161,
    9.785553,
    -12.135255,
    -6.865258,
    -9.508616,
    -15.0,
    -6.865258,
    -0.691837,
    15.0,
    -6.865258,
    -0.691837,
    -51.526558,
    104.18017,
    -52.373334,
    4.635255,
    193.134742,
    13.57401,
    -12.135255,
    193.134742,
    -9.508616,
    19.854461,
    96.94347,
    72.306733,
    62.34329,
    133.946404,
    -21.7971,
    12.135255,
    -6.865258,
    -9.508616,
    -41.653187,
    102.847703,
    61.883716,
    0.0,
    396.419643,
    0.691837,
    42.458809,
    133.925049,
    51.587813,
    -48.236264,
    133.985271,
    -47.895624,
    -66.613512,
    133.946186,
    6.299465,
    -12.135255,
    193.134742,
    8.124941,
    4.635255,
    -6.865258,
    -14.957685,
    64.812821,
    97.019748,
    -33.561152,
    -4.635255,
    -6.865258,
    -14.957685,
    69.150344,
    104.908794,
    31.067712,
    -12.949235,
    97.095479,
    -71.234629,
    -12.135255,
    -6.865258,
    8.124941,
    -15.0,
    193.134742,
    -0.691837,
    0.18997,
    133.93303,
    -65.586729
  ],
  "normals": [
    0.0,
    0.0,
    1.0,
    1.0,
    0.0,
    -0.0,
    0.0,
    -0.0,
    -1.0,
    -1.0,
    0.0,
    -0.0,
    0.0,
    1.0,
    -0.0,
    0.0,
    -1.0,
    -0.0,
    0.933332,
    -0.16972,
    0.316365,
    -0.870518,
    0.230223,
    0.434966,
    -0.768714,
    -0.240249,
    0.592756,
    0.871089,
    -0.227487,
    -0.435263,
    0.770924,
    0.233872,
    -0.592436,
    -0.404799,
    0.369804,
    0.836291,
    0.331337,
    -0.257354,
    0.907736,
    0.280726,
    -0.265856,
    -0.922233,
    0.405319,
    -0.179413,
    0.896397,
    -0.992795,
    -0.091167,
    0.077759,
    0.970557,
    0.235042,
    -0.052669,
    0.381443,
    0.235042,
    0.894012,
    -0.283525,
    0.230203,
    0.930924,
    0.125178,
    0.974403,
    -0.186734,
    -0.206367,
    -0.075959,
    0.975522,
    0.932599,
    -0.152123,
    0.327289,
    0.000658,
    1.0,
    0.000652,
    -0.240989,
    0.965191,
    -0.101644,
    0.274376,
    0.938729,
    0.20858,
    -0.333676,
    0.230561,
    -0.914058,
    0.159981,
    -0.071428,
    -0.984532,
    -0.922276,
    0.227388,
    -0.312574,
    -0.378357,
    -0.26554,
    -0.886755,
    0.846329,
    -0.107775,
    -0.521643,
    -0.637105,
    -0.041774,
    -0.769644,
    0.810896,
    0.235071,
    0.5359,
    -0.989502,
    -0.134169,
    0.053715,
    0.245401,
    0.2375,
    -0.939879,
    -0.780495,
    -0.353148,
    -0.515863,
    0.0,
    0.0,
    1.0,
    1.0,
    0.0,
    -0.0,
    0.0,
    0.0,
    -1.0,
    -1.0,
    0.0,
    -0.0,
    0.0,
    1.0,
    -0.0,
    0.0,
    -1.0,
    -0.0,
    0.000783,
    0.999999,
    0.001053
  ],
  "uvs": [
    [
      1.0,
      1.0,
      0.0,
      1.0,
      0.0,
      0.0,
      0.333333,
      0.5,
      0.335865,
      0.528941,
      0.5,
      0.5,
      0.171731,
      0.557883,
      0.100979,
      0.570358,
      0.166667,
      0.5,
      0.916667,
      0.75,
      0.888889,
      0.75,
      0.888889,
      0.625,
      0.111111,
      0.875,
      0.097222,
      1.0,
      0.083333,
      0.875,
      0.027778,
      0.375,
      0.0,
      0.375,
      0.0,
      0.25,
      0.027778,
      0.5,
      0.0,
      0.5,
      0.333333,
      0.788675,
      0.416667,
      0.644338,
      0.392869,
      0.627674,
      0.111111,
      0.75,
      0.083333,
      0.75,
      0.083333,
      0.625,
      0.027778,
      0.875,
      0.0,
      0.875,
      0.0,
      0.75,
      0.013889,
      1.0,
      0.343385,
      0.557003,
      0.186769,
      0.614007,
      0.119259,
      0.638578,
      0.285737,
      0.755348,
      0.372326,
      0.607131,
      0.055556,
      0.25,
      0.027778,
      0.25,
      0.027778,
      0.125,
      0.186769,
      0.385993,
      0.343385,
      0.442997,
      0.355662,
      0.416667,
      0.055556,
      0.5,
      0.138889,
      0.25,
      0.111111,
      0.25,
      0.111111,
      0.125,
      0.138889,
      0.375,
      0.111111,
      0.375,
      0.138889,
      0.875,
      0.125,
      1.0,
      0.355662,
      0.583333,
      0.119259,
      0.361422,
      0.211325,
      0.333333,
      0.111111,
      0.5,
      0.083333,
      0.5,
      0.083333,
      0.375,
      0.916667,
      0.875,
      0.902778,
      1.0,
      0.888889,
      0.875,
      0.055556,
      0.375,
      1.0,
      0.0
    ]
  ],