{
    "metadata": {
        "formatVersion": 3.1,
        "generatedBy": "Cinema 4D Exporter 0.0.3"
    },
    "vertices": [
        -16.041501,
        -7.108044,
        13.668976,
        -16.041501,
        126.533191,
        13.668976,
        16.041501,
        -7.108044,
        13.668976,
        16.041501,
        126.533191,
        13.668976,
        16.041501,
        -7.108044,
        -17.355316,
        16.041501,
        126.533191,
        -17.355316,
        -16.041501,
        -7.108044,
        -17.355316,
        -16.041501,
        126.533191,
        -17.355316,
        12.135255,
        193.134742,
        -9.508616,
        12.135255,
        193.134742,
        8.124941,
        64.515816,
        133.93938,
        18.206003,
        15.0,
        193.134742,
        -0.691837,
        37.287661,
        123.418038,
        -58.557633,
        -4.635255,
        193.134742,
        -14.957685,
        5.607847,
        133.936134,
        67.307892,
        4.635255,
        193.134742,
        -14.957685,
        12.135255,
        -6.865258,
        8.124941,
        -43.591763,
        134.134107,
        52.274537,
        -4.635255,
        -6.865258,
        13.57401,
        -74.498444,
        97.083161,
        9.785553,
        -12.135255,
        -6.865258,
        -9.508616,
        -15.0,
        -6.865258,
        -0.691837,
        15.0,
        -6.865258,
        -0.691837,
        -51.526558,
        104.18017,
        -52.373334,
        4.635255,
        193.134742,
        13.57401,
        -12.135255,
        193.134742,
        -9.508616,
        19.854461,
        96.94347,
        72.306733,
        62.34329,
        133.946404,
        -21.7971,
        12.135255,
        -6.865258,
        -9.508616,
        -41.653187,
        102.847703,
        61.883716,
        0.0,
        396.419643,
        0.691837,
        42.458809,
        133.925049,
        51.587813,
        -48.236264,
        133.985271,
        -47.895624,
        -66.613512,
        133.946186,
        6.299465,
        -12.135255,
        193.134742,
        8.124941,
        4.635255,
        -6.865258,
        -14.957685,
        64.812821,
        97.019748,
        -33.561152,
        -4.635255,
        -6.865258,
        -14.957685,
        69.150344,
        104.908794,
        31.067712,
        -12.949235,
        97.095479,
        -71.234629,
        -12.135255,
        -6.865258,
        8.124941,
        -15.0,
        193.134742,
        -0.691837,
        0.18997,
        133.93303,
        -65.586729
    ],
    "normals": [
        0.0,
        0.0,
        1.0,
        0.0,
        0.0,
        1.0,
        0.0,
        0.0,
        1.0,
        1.0,
        0.0,
        -0.0,
        1.0,
        0.0,
        -0.0,
        1.0,
        0.0,
        -0.0,
        0.0,
        0.0,
        -1.0,
        0.0,
        -0.0,
        -1.0,
        0.0,
        0.0,
        -1.0,
        -1.0,
        0.0,
        -0.0,
        -1.0,
        0.0,
        -0.0,
        -1.0,
        0.0,
        -0.0,
        0.0,
        1.0,
        -0.0,
        0.0,
        1.0,
        -0.0,
        0.0,
        1.0,
        -0.0,
        0.0,
        -1.0,
        -0.0,
        0.0,
        -1.0,
        -0.0,
        0.0,
        -1.0,
        -0.0,
        0.933015,
        -0.16093,
        0.321844,
        0.933332,
        -0.16972,
        0.316365,
        0.933015,
        -0.16093,
        0.321844,
        -0.870518,
        0.230223,
        0.434966,
        -0.870518,
        0.230223,
        0.434966,
        -0.870518,
        0.230223,
        0.434966,
        -0.920461,
        -0.173178,
        0.350372,
        -0.768714,
        -0.240249,
        0.592756,
        -0.954353,
        -0.161516,
        0.251243,
        0.861124,
        -0.168102,
        -0.479798,
        0.861124,
        -0.168102,
        -0.479798,
        0.871089,
        -0.227487,
        -0.435263,
        0.909195,
        0.244811,
        -0.336797,
        0.841761,
        0.537938,
        -0.045408,
        0.53542,
        0.248328,
        -0.807254,
        0.034657,
        -0.039471,
        0.99862,
        -0.315919,
        0.151892,
        0.936549,
        -0.404799,
        0.369804,
        0.836291,
        0.034657,
        -0.039471,
        0.99862,
        0.368867,
        -0.218703,
        0.903386,
        0.065204,
        -0.173908,
        0.982601,
        0.22192,
        -0.169841,
        -0.960159,
        0.021812,
        -0.210888,
        -0.977267,
        0.280726,
        -0.265856,
        -0.922233,
        0.034657,
        -0.039471,
        0.99862,
        0.405319,
        -0.179413,
        0.896397,
        0.368867,
        -0.218703,
        0.903386,
        -0.933115,
        -0.170232,
        -0.316729,
        -0.920461,
        -0.173178,
        0.350372,
        -0.954353,
        -0.161516,
        0.251243,
        0.935266,
        0.24681,
        0.253697,
        0.841761,
        0.537938,
        -0.045408,
        0.909195,
        0.244811,
        -0.336797,
        0.051922,
        0.246703,
        0.967699,
        0.841761,
        0.537938,
        -0.045408,
        0.620932,
        0.24482,
        0.744652,
        -0.283525,
        0.230203,
        0.930924,
        0.841761,
        0.537938,
        -0.045408,
        0.051922,
        0.246703,
        0.967699,
        -0.038915,
        0.994503,
        -0.097206,
        0.125178,
        0.974403,
        -0.186734,
        0.101939,
        0.994773,
        0.005987,
        -0.315919,
        0.151892,
        0.936549,
        0.034657,
        -0.039471,
        0.99862,
        0.065204,
        -0.173908,
        0.982601,
        0.932599,
        -0.152123,
        0.327289,
        0.933015,
        -0.16093,
        0.321844,
        0.933015,
        -0.16093,
        0.321844,
        -0.080479,
        0.996191,
        -0.033576,
        0.101939,
        0.994773,
        0.005987,
        0.139662,
        0.984483,
        0.106248,
        -0.080479,
        0.996191,
        -0.033576,
        -0.240989,
        0.965191,
        -0.101644,
        -0.038915,
        0.994503,
        -0.097206,
        0.101939,
        0.994773,
        0.005987,
        0.274376,
        0.938729,
        0.20858,
        0.139662,
        0.984483,
        0.106248,
        -0.046117,
        0.244527,
        -0.968545,
        0.841761,
        0.537938,
        -0.045408,
        -0.333676,
        0.230561,
        -0.914058,
        0.22192,
        -0.169841,
        -0.960159,
        -0.305338,
        -0.135181,
        -0.9426,
        0.021812,
        -0.210888,
        -0.977267,
        -0.922276,
        0.227388,
        -0.312574,
        -0.922276,
        0.227388,
        -0.312574,
        -0.922276,
        0.227388,
        -0.312574,
        -0.305338,
        -0.135181,
        -0.9426,
        -0.620388,
        -0.228148,
        -0.750378,
        0.021812,
        -0.210888,
        -0.977267,
        0.861124,
        -0.168102,
        -0.479798,
        0.846329,
        -0.107775,
        -0.521643,
        0.861124,
        -0.168102,
        -0.479798,
        -0.305338,
        -0.135181,
        -0.9426,
        -0.933115,
        -0.170232,
        -0.316729,
        -0.620388,
        -0.228148,
        -0.750378,
        0.620932,
        0.24482,
        0.744652,
        0.841761,
        0.537938,
        -0.045408,
        0.935266,
        0.24681,
        0.253697,
        -0.933115,
        -0.170232,
        -0.316729,
        -0.954353,
        -0.161516,
        0.251243,
        -0.934957,
        -0.257413,
        -0.244118,
        0.53542,
        0.248328,
        -0.807254,
        0.841761,
        0.537938,
        -0.045408,
        -0.046117,
        0.244527,
        -0.968545,
        -0.933115,
