{

    "metadata" :
    {
        "formatVersion" : 3.1,
        "sourceFile"    : "snow_box01.obj",
        "generatedBy"   : "OBJConverter",
        "vertices"      : 106,
        "faces"         : 208,
        "normals"       : 129,
        "colors"        : 1,
        "uvs"           : 93,
        "materials"     : 1
    },

    "scale" : 1.000000,

    "materials": [	{
	"DbgColor" : 15658734,
	"DbgIndex" : 0,
	"DbgName" : "snow3",
	"colorAmbient" : [0.54000002145767, 0.54000002145767, 0.54000002145767],
	"colorDiffuse" : [1.0, 1.0, 1.0],
	"illumination" : 7,
	"vertexColors" : "face"
	}],

    "vertices": [-82.879807,-71.754753,88.823601,-84.182083,22.171743,92.430138,-82.218483,71.030266,78.444107,-53.418991,-87.154976,91.420883,-32.744503,19.074638,101.806831,-58.519566,77.356834,85.510208,33.985123,-83.876251,90.787659,28.365122,11.518450,103.656761,26.425833,81.119965,92.336266,82.471237,-62.935707,92.492378,86.021240,-0.211049,84.056137,63.588474,76.041832,88.390541,90.236458,-82.350441,72.673302,100.469307,-2.341679,61.035240,80.589111,78.767937,64.931679,89.145744,-78.995445,-3.239717,105.491737,9.101202,-1.167261,91.049210,80.897354,-7.698290,-23.881308,-46.650463,-101.201843,101.995232,10.797921,-42.725094,65.634483,88.957100,-58.646400,-3.298163,93.714569,40.219257,84.702065,45.380844,-87.318138,88.516449,76.601807,-66.991493,65.598091,-83.828590,-85.473587,33.806953,1.855316,-92.627312,59.298920,67.215233,-88.103256,-19.204784,-86.669365,-93.155685,-26.216475,-7.846717,-95.224510,-31.236383,79.839745,-92.412422,-64.392052,-84.456985,-86.797264,-81.334778,1.107394,-93.601875,-76.698296,65.527214,-94.315742,-77.446022,-87.974136,-68.194809,-101.402725,5.602538,-38.894814,-86.337944,69.517235,-52.515316,-82.912384,-84.511543,0.408850,-96.850418,-2.700232,-0.774266,-79.680023,65.827904,-15.224894,-88.192024,-88.815926,38.546913,-99.795135,4.967772,49.521133,-84.173203,73.257957,39.747887,-50.989368,45.592705,-103.079712,-52.550869,81.451706,-12.678607,-34.448822,78.764702,-50.242401,27.905605,90.148293,45.853001,25.899908,95.492798,20.942236,54.934486,89.157867,-36.028831,-66.064346,85.887222,68.600044,52.511864,92.250587,72.355354,-28.357264,-100.333908,27.702200,34.417309,-99.056297,-45.419666,1.555213,-105.005150,-49.102474,34.611916,-96.832359,20.913601,68.434441,-97.523277,-67.163544,-58.713696,-100.358215,-71.898552,-99.686394,-48.692932,26.023495,-47.689789,-45.000877,102.545227,2.395918,-5.619576,-87.932060,-95.411743,44.937767,-27.295261,-91.322098,60.208950,-79.877625,1.346447,-39.872822,109.515366,-2.206573,-86.886436,100.962128,61.819530,-40.407047,94.806923,58.983185,94.262047,36.841480,-89.976097,44.803413,15.238465,65.629456,-81.821411,94.931404,3.767535,-104.760162,30.401731,-4.620630,43.085033,-96.704056,-95.939018,-48.277103,-16.918999,-63.313404,42.369541,98.930374,-60.864960,-98.787949,75.177589,68.884476,-99.140259,-1.788524,21.060999,53.827648,104.474564,-84.763680,46.390247,43.655056,-2.968105,85.528648,-18.944744,78.467018,47.010128,90.310730,91.564110,-44.647526,73.862946,7.120261,-53.515633,-95.870766,99.889984,-42.906902,50.450283,40.155773,-50.895329,-94.979713,-61.689198,82.425331,24.323915,100.275566,-26.951164,23.468782,0.623384,-100.535507,-10.999710,65.800308,-95.419708,76.494865,0.820999,79.059708,-72.296700,-1.816121,-100.429924,-75.144623,92.307320,-30.712975,-18.444777,64.897255,93.184677,-8.951795,-88.388786,-48.081993,-65.949364,-56.430656,-98.409569,-38.765537,-3.597182,89.290894,-41.900272,91.873405,-75.627335,-64.005615,91.879204,46.457909,62.865295,-94.504730,42.522247,70.736641,96.756081,49.396877,18.733149,-96.929901,-46.705769,76.113487,-62.890610,-105.424171,43.339497,60.589996,43.326645,-95.125557,-90.796722,-84.935242,74.488480,-63.078018,84.659721,-75.840157,0.696332,-102.801254,75.093002,95.989883,50.288559,-63.686806,-9.741408,85.738350,66.040894,-48.419853,-43.912567,-97.204865,79.044937,-59.010368,-83.596512],

    "morphTargets": [],

    "morphColors": [],

    "normals": [-0.62838,0.044963,0.77661,-0.10464,0.017198,0.99436,-0.19632,-0.082267,0.97708,0,0,0,0.18032,0.013808,0.98351,0.042889,-0.09906,0.99416,0.17432,-0.012174,0.98461,-0.80128,-0.59822,-0.0096912,-0.98611,-0.15918,-0.047374,-0.95191,-0.092592,0.29205,0.021265,-0.016599,-0.99964,0.079251,-0.007007,-0.99683,0.16008,-0.048465,-0.98591,-0.22752,0.97304,-0.037827,-0.085661,0.98959,0.1156,-0.30878,0.94948,-0.056048,0.12914,-0.14807,0.98051,0.051643,-0.18253,0.98184,-0.1848,-0.52417,0.83132,0.29225,0.030996,0.95584,0.1817,0.065762,0.98115,-0.0010577,0.0029084,1,-0.66905,0.50533,0.54499,-0.17389,0.68347,0.70897,-0.25422,0.18893,0.94851,0.90887,-0.40468,0.10091,0.91141,-0.039077,0.40965,0.98419,-0.12582,0.12468,0.17479,0.60758,-0.77479,-0.00052181,0.97565,-0.21931,0.034343,0.66761,-0.74372,0.96675,0.036217,0.25314,0.99446,-0.10508,0.00055003,0.099967,0.30438,0.94729,0.03446,0.20066,0.97905,-0.99503,0.028715,-0.095376,-0.97679,-0.20208,-0.07104,-0.91342,-0.17561,-0.36719,0.12194,0.1276,0.9843,0.23722,0.10726,0.96552,-0.99003,0.12459,0.065761,-0.96353,0.26047,0.061373,-0.98164,0.1737,-0.078852,0.87312,0.052053,0.48471,0.9053,-0.017792,0.4244,0.9896,-0.03148,-0.14038,0.93005,-0.16134,-0.33011,0.98457,-0.16367,-0.061843,-0.76803,-0.63224,-0.10199,0.99875,-0.029505,-0.040391,0.90675,-0.41632,-0.066895,-0.028512,-0.45809,-0.88845,-0.27563,-0.88945,-0.36456,0.038006,-0.94592,-0.32215,-0.0086317,0.9051,0.4251,0.13387,0.94837,0.28754,0.59797,0.58411,0.54886,-0.085082,0.99596,-0.02867,-0.24184,0.95933,-0.14558,0.047091,0.99303,-0.10804,0.21848,0.9704,-0.10289,-0.048089,0.99852,-0.02528,0.74345,0.60872,0.27704,0.21368,0.97314,0.085629,0.39799,0.91677,-0.033579,0.74379,0.089494,-0.66239,0.47495,-0.16496,-0.86441,-0.22488,-0.97431,-0.012187,0.034669,-0.99937,0.0072535,0.032919,-0.99902,-0.029517,0.89771,0.23568,0.37226,0.97652,0.18302,0.11363,0.86778,0.26771,0.41868,0.97523,0.22105,0.0080062,-0.0042739,-0.99998,0.0039425,0.041711,-0.94701,0.31849,0.054162,-0.99812,-0.028592,-0.1386,0.98999,-0.026569,-0.14581,0.98551,-0.086664,-0.78396,0.6187,0.051171,-0.71657,0.69743,0.011492,0.67877,-0.43838,-0.58914,0.17002,-0.98389,0.055186,0.93619,0.23282,-0.26334,0.96147,0.13552,-0.23917,-0.48995,-0.30736,0.81577,0.20119,0.1461,-0.9686,-0.98293,0.16517,0.081075,0.052708,-0.00036511,-0.99861,0.14542,0.034792,-0.98876,0.0013994,-0.023717,-0.99972,0.079721,0.026213,-0.99647,0.12677,-0.43057,-0.89361,-0.94874,0.30421,0.08573,-0.65379,-0.075901,-0.75286,-0.4925,-0.38065,-0.78266,-0.13121,-0.088997,-0.98735,0.37641,0.66832,-0.64161,-0.068713,0.97266,0.22183,-0.31058,0.93159,0.1889,-0.021007,0.05962,-0.998,-0.42642,0.42299,-0.79953,-0.77646,-0.58973,-0.2221,-0.99791,0.060039,0.023698,-0.033559,0.987,0.15718,-0.94613,-0.16366,0.27938,-0.86591,0.38459,-0.31982,-0.85539,0.5139,-0.06493,0.06022,-0.9732,-0.22195,0.14539,0.95006,-0.27613,0.32721,-0.94491,0.009157,0.18989,-0.98153,0.023305,-0.12827,-0.87466,0.46746,0.077817,-0.99695,-0.0064452,0.56941,-0.57941,0.58314,0.70151,-0.57041,0.42722,-0.49522,-0.85808,0.13584,-0.56529,-0.82446,-0.026508,-0.30075,-0.6135,0.73018,0.68332,-0.73006,-0.0097927,0.69379,-0.72,-0.016099,0.80772,-0.40524,-0.42822,0.08606,-0.78276,0.61635,0.063576,-0.8468,0.52809,0.099008,-0.99508,0.0032962,0.019494,-0.75616,0.6541,-0.42033,-0.90488,0.06724,-0.025434,-0.80463,0.59324,0.4135,-0.56416,0.71466],

    "colors": [16777215],