{

    "metadata" :
    {
        "formatVersion" : 3.1,
        "sourceFile"    : "snow_box02.obj",
        "generatedBy"   : "OBJConverter",
        "vertices"      : 98,
        "faces"         : 96,
        "normals"       : 150,
        "colors"        : 1,
        "uvs"           : 25,
        "materials"     : 1
    },

    "scale" : 1.000000,

    "materials": [	{
	"DbgColor" : 15658734,
	"DbgIndex" : 0,
	"DbgName" : "snow3",
	"colorAmbient" : [1.0, 1.0, 1.0],
	"colorDiffuse" : [1.0, 1.0, 1.0],
	"illumination" : 7,
	"vertexColors" : "face"
	}],

    "vertices": [-77.777786,-77.777786,77.777786,-87.500000,0.000000,87.500000,-77.777786,77.777786,77.777786,0.000000,-87.500000,87.500000,0.000000,0.000000,100.000000,0.000000,87.500000,87.500000,77.777786,-77.777786,77.777786,87.500000,0.000000,87.500000,77.777786,77.777786,77.777786,87.500000,-87.500000,0.000000,100.000000,0.000000,0.000000,87.500000,87.500000,0.000000,77.777786,-77.777786,-77.777786,87.500000,0.000000,-87.500000,77.777786,77.777786,-77.777786,0.000000,-87.500000,-87.500000,0.000000,0.000000,-100.000000,0.000000,87.500000,-87.500000,-77.777786,-77.777786,-77.777786,-87.500000,0.000000,-87.500000,-77.777786,77.777786,-77.777786,-87.500000,-87.500000,0.000000,-100.000000,0.000000,0.000000,-87.500000,87.500000,0.000000,0.000000,100.000000,0.000000,0.000000,-100.000000,0.000000,-50.000000,-50.000000,100.000000,-87.500000,-50.000000,87.500000,-50.000000,0.000000,100.000000,0.000000,-50.000000,100.000000,-50.000000,-87.500000,87.500000,50.000000,-50.000000,100.000000,50.000000,0.000000,100.000000,87.500000,-50.000000,87.500000,50.000000,-87.500000,87.500000,-50.000000,50.000000,100.000000,-87.500000,50.000000,87.500000,-50.000000,87.500000,87.500000,0.000000,50.000000,100.000000,50.000000,50.000000,100.000000,50.000000,87.500000,87.500000,87.500000,50.000000,87.500000,100.000000,-50.000000,50.000000,100.000000,0.000000,50.000000,100.000000,-50.000000,0.000000,87.500000,-87.500000,50.000000,100.000000,-50.000000,-50.000000,100.000000,0.000000,-50.000000,87.500000,-50.000000,-87.500000,87.500000,-87.500000,-50.000000,100.000000,50.000000,50.000000,87.500000,87.500000,50.000000,100.000000,50.000000,0.000000,100.000000,50.000000,-50.000000,87.500000,87.500000,-50.000000,87.500000,50.000000,-87.500000,50.000000,-50.000000,-100.000000,50.000000,0.000000,-100.000000,0.000000,-50.000000,-100.000000,50.000000,-87.500000,-87.500000,-50.000000,-50.000000,-100.000000,-50.000000,0.000000,-100.000000,-87.500000,-50.000000,-87.500000,-50.000000,-87.500000,-87.500000,50.000000,50.000000,-100.000000,50.000000,87.500000,-87.500000,0.000000,50.000000,-100.000000,-50.000000,50.000000,-100.000000,-50.000000,87.500000,-87.500000,-87.500000,50.000000,-87.500000,-100.000000,-50.000000,-50.000000,-100.000000,0.000000,-50.000000,-100.000000,-50.000000,0.000000,-87.500000,-87.500000,-50.000000,-100.000000,-50.000000,50.000000,-100.000000,0.000000,50.000000,-87.500000,-87.500000,50.000000,-100.000000,50.000000,-50.000000,-87.500000,87.500000,-50.000000,-100.000000,50.000000,0.000000,-100.000000,50.000000,50.000000,-87.500000,87.500000,50.000000,-50.000000,100.000000,50.000000,-50.000000,100.000000,0.000000,0.000000,100.000000,50.000000,50.000000,100.000000,50.000000,50.000000,100.000000,0.000000,-50.000000,100.000000,-50.000000,0.000000,100.000000,-50.000000,50.000000,100.000000,-50.000000,-50.000000,-100.000000,-50.000000,-50.000000,-100.000000,0.000000,0.000000,-100.000000,-50.000000,50.000000,-100.000000,-50.000000,50.000000,-100.000000,0.000000,-50.000000,-100.000000,50.000000,0.000000,-100.000000,50.000000,50.000000,-100.000000,50.000000],

    "morphTargets": [],

    "morphColors": [],

    "normals": [-0.31623,0,0.94868,-0.16018,0,0.98709,-0.17109,-0.17109,0.97029,-0.33765,-0.17694,0.92449,0,0,1,0,-0.16018,0.98709,0,-0.31623,0.94868,-0.17694,-0.33765,0.92449,-0.34816,-0.34816,0.87039,0.16018,0,0.98709,0.17109,-0.17109,0.97029,0.31623,0,0.94868,0.33765,-0.17694,0.92449,0.34816,-0.34816,0.87039,0.17694,-0.33765,0.92449,-0.34816,0.34816,0.87039,-0.17694,0.33765,0.92449,-0.17109,0.17109,0.97029,-0.33765,0.17694,0.92449,0,0.31623,0.94868,0,0.16018,0.98709,0.17694,0.33765,0.92449,0.17109,0.17109,0.97029,0.34816,0.34816,0.87039,0.33765,0.17694,0.92449,0.94868,0,0.31623,0.98709,0,0.16018,0.97029,-0.17109,0.17109,0.92449,-0.17694,0.33765,1,0,0,0.98709,-0.16018,0,0.94868,-0.31623,0,0.92449,-0.33765,0.17694,0.87039,-0.34816,0.34816,0.98709,0,-0.16018,0.97029,-0.17109,-0.17109,0.94868,0,-0.31623,0.92449,-0.17694,-0.33765,0.87039,-0.34816,-0.34816,0.92449,-0.33765,-0.17694,0.87039,0.34816,0.34816,0.92449,0.33765,0.17694,0.97029,0.17109,0.17109,0.92449,0.17694,0.33765,0.94868,0.31623,0,0.98709,0.16018,0,0.92449,0.33765,-0.17694,0.97029,0.17109,-0.17109,0.87039,0.34816,-0.34816,0.92449,0.17694,-0.33765,0.31623,0,-0.94868,0.16018,0,-0.98709,0.17109,-0.17109,-0.97029,0.33765,-0.17694,-0.92449,0,0,-1,0,-0.16018,-0.98709,0,-0.31623,-0.94868,0.17694,-0.33765,-0.92449,0.34816,-0.34816,-0.87039,-0.16018,0,-0.98709,-0.17109,-0.17109,-0.97029,-0.31623,0,-0.94868,-0.33765,-0.17694,-0.92449,-0.34816,-0.34816,-0.87039,-0.17694,-0.33765,-0.92449,0.34816,0.34816,-0.87039,0.17694,0.33765,-0.92449,0.17109,0.17109,-0.97029,0.33765,0.17694,-0.92449,0,0.31623,-0.94868,0,0.16018,-0.98709,-0.17694,0.33765,-0.92449,-0.17109,0.17109,-0.97029,-0.34816,0.34816,-0.87039,-0.33765,0.17694,-0.92449,-0.94868,0,-0.31623,-0.98709,0,-0.16018,-0.97029,-0.17109,-0.17109,-0.92449,-0.17694,-0.33765,-1,0,0,-0.98709,-0.16018,0,-0.94868,-0.31623,0,-0.92449,-0.33765,-0.17694,-0.87039,-0.34816,-0.34816,-0.98709,0,0.16018,-0.97029,-0.17109,0.17109,-0.94868,0,0.31623,-0.92449,-0.17694,0.33765,-0.87039,-0.34816,0.34816,-0.92449,-0.33765,0.17694,-0.87039,0.34816,-0.34816,-0.92449,0.33765,-0.17694,-0.97029,0.17109,-0.17109,-0.92449,0.17694,-0.33765,-0.94868,0.31623,0,-0.98709,0.16018,0,-0.92449,0.33765,0.17694,-0.97029,0.17109,0.17109,-0.87039,0.34816,0.34816,-0.92449,0.17694,0.33765,-0.31623,0.94868,0,-0.16018,0.98709,0,-0.17109,0.97029,0.17109,-0.33765,0.92449,0.17694,0,1,0,0,0.98709,0.16018,0,0.94868,0.31623,-0.17694,0.92449,0.33765,-0.34816,0.87039,0.34816,0.16018,0.98709,0,0.17109,0.97029,0.17109,0.31623,0.94868,0,0.33765,0.92449,0.17694,0.34816,0.87039,0.34816,0.17694,0.92449,0.33765,-0.34816,0.87039,-0.34816,-0.17694,0.92449,-0.33765,-0.17109,0.97029,-0.17109,-0.33765,0.92449,-0.17694,0,0.94868,-0.31623,0,0.98709,-0.16018,0.17694,0.92449,-0.33765,0.17109,0.97029,-0.17109,0.34816,0.87039,-0.34816,0.33765,0.92449,-0.17694,-0.31623,-0.94868,0,-0.16018,-0.98709,0,-0.17109,-0.97029,-0.17109,-0.33765,-0.92449,-0.17694,0,-1,0,0,-0.98709,-0.16018,0,-0.94868,-0.31623,-0.17694,-0.92449,-0.33765,-0.34816,-0.87039,-0.34816,0.16018,-0.98709,0,0.17109,-0.97029,-0.17109,0.31623,-0.94868,0,0.33765,-0.92449,-0.17694,0.34816,-0.87039,-0.34816,0.17694,-0.92449,-0.33765,-0.34816,-0.87039,0.34816,-0.17694,-0.92449,0.33765,-0.17109,-0.97029,0.17109,-0.33765,-0.92449,0.17694,0,-0.94868,0.31623,0,-0.98709,0.16018,0.17694,-0.92449,0.33765,0.17109,-0.97029,0.17109,0.34816,-0.87039,0.34816,0.33765,-0.92449,0.17694],

    "colors": [16777215],

    "uvs": [[0,0.5,0.25,0.5,0.25,0.25,0,0.25,0.5,0.5,0.5,0.25,0.5,0,0.25,0,0,0,0.75,0.5,0.75,0.25,1,0.5,1,0.25,1,0,0.75,0,0,1,0.25,1,0.25,0.75,0,0.75,0.5,1,0.5,0.75,0.75,1,0.75,0.75,1,1,1,0.75]],